doctor_id,establishment_id
11100872,20005
11100951,20004
11100141,20001
11100875,20006
11101424,20003
11100497,20002
11101553,20005
11100846,20004
11101419,20001
11101534,20006
11100541,20003
11101789,20002
11100831,20005
11100578,20004
11101446,20001
11101338,20006
11100840,20003
11101565,20002
11101273,20005
11100265,20004
11100670,20001
11100556,20006
11100589,20003
11100075,20002
11101798,20005
11100468,20004
11101478,20001
11100298,20006
11101455,20003
11100630,20002
11101066,20015
11100148,20016
11101543,20012
11100449,20013
11100803,20014
11100099,20015
11100608,20016
11100836,20012
11101673,20013
11101201,20014
11101787,20015
11101788,20016
11100822,20012
11101114,20013
11100014,20014
11101839,20015
11100238,20016
11100856,20012
11100646,20013
11101306,20014
11101686,20015
11100228,20016
11100709,20012
11101809,20013
11100573,20014
11100694,20015
11101023,20016
11100456,20012
11101474,20013
11100912,20014
11100407,20013
11101577,20031
11100262,20027
11100032,20042
11101874,20030
11100910,20029
11100783,20028
11101799,20031
11101372,20027
11101900,20042
11100368,20030
11101173,20029
11101044,20028
11101842,20031
11101034,20027
11101560,20042
11101290,20030
11101348,20029
11100050,20028
11100566,20031
11101344,20027
11100813,20042
11100197,20030
11100723,20029
11101746,20028
11101205,20031
11101803,20027
11100752,20042
11101272,20030
11100665,20029
11101640,20028
11101818,20043
11100780,20043
11100271,20043
11101564,20043
11100206,20043
11101778,20046
11101852,20045
11101101,20047
11101033,20044
11100140,20048
11101528,20046
11100755,20045
11101190,20047
11100203,20044
11101248,20048
11101828,20046
11101977,20045
11100130,20047
11100759,20044
11101557,20048
11100544,20046
11101694,20045
11101541,20047
11101934,20044
11101970,20048
11100821,20048
11100651,20046
11100606,20045
11100288,20047
11100789,20044
11100460,20048
11101184,20085
11100648,20059
11101570,20063
11100105,20062
11101233,20060
11101237,20069
11100796,20061
11101170,20085
11101276,20059
11100720,20063
11101238,20062
11101605,20060
11101431,20069
11100448,20061
11100542,20062
11101956,20060
11100754,20069
11101912,20061
11100336,20085
11101545,20059
11100392,20063
11101060,20062
11101279,20060
11101780,20069
11101390,20061
11101362,20063
11100338,20062
11101813,20060
11100597,20069
11101610,20061
11100959,20062
11100249,20060
11101939,20069
11100927,20061
11101500,20085
11100126,20059
11100429,20063
11101270,20062
11101894,20060
11100156,20069
11101325,20061
11101468,20060
11101993,20069
11100948,20061
11101551,20027
11101123,20042
11100296,20030
11101319,20029
11101602,20028
11101677,20031
11100432,20027
11100914,20042
11100793,20030
11101430,20029
11100344,20028
11100107,20031
11100928,20087
11101843,20089
11101082,20086
11100994,20088
11101269,20090
11101144,20087
11100525,20089
11100355,20086
11101940,20088
11101337,20090
11101919,20087
11101515,20089
11100653,20086
11100637,20088
11101793,20090
11101897,20087
11101613,20089
11100110,20086
11100672,20088
11100690,20090
11101106,20089
11101482,20086
11100222,20088
11101723,20090
11100557,20087
11100345,20089
11101295,20107
11100011,20110
11101070,20109
11100481,20108
11100390,20106
11100165,20107
11101881,20110
11100707,20109
11100161,20108
11101974,20106
11101876,20107
11100445,20110
11101036,20109
11101432,20108
11101315,20106
11101948,20107
11100639,20110
11100621,20109
11101065,20108
11101888,20106
11100987,20107
11100354,20110
11101744,20109
11100394,20108
11101299,20106
11100491,20107
11100599,20110
11100818,20109
11101996,20108
11100745,20106
11100940,20131
11101351,20129
11100733,20128
11100501,20130
11100272,20127
11100257,20131
11100386,20129
11100575,20130
11100769,20127
11101665,20131
11100664,20129
11100443,20128
11101750,20130
11101484,20127
11101775,20131
11100048,20129
11101732,20128
11101370,20130
11100936,20127
11101175,20129
11100095,20128
11100554,20130
11100069,20127
11101479,20134
11101079,20133
11101561,20132
11101659,20134
11101209,20133
11101921,20132
11100082,20134
11100901,20133
11101110,20132
11100009,20134
11100767,20133
11100030,20132
11100627,20139
11101699,20137
11100215,20138
11100553,20135
11100409,20136
11101427,20139
11100970,20137
11100137,20138
11100603,20135
11100474,20136
11100753,20139
11100343,20137
11100980,20138
11100350,20135
11100726,20136
11101589,20139
11100645,20137
11101345,20135
11100377,20136
11101006,20139
11101378,20137
11100622,20138
11100552,20135
11101047,20136
11100798,20139
11100761,20137
11100211,20158
11100732,20159
11101754,20157
11101376,20155
11100417,20156
11101239,20158
11100842,20158
11100279,20159
11100698,20157
11101438,20155
11101322,20156
11100097,20158
11101572,20158
11100736,20159
11100287,20157
11100258,20155
11101080,20156
11101776,20158
11100795,20158
11101805,20159
11101097,20157
11101752,20155
11101549,20156
11101994,20158
11100036,20158
11101171,20159
11100398,20157
11101525,20155
11101252,20156
11100180,20158
11100591,20168
11100209,20168
11100427,20168
11101954,20168
11101628,20168
11100868,20168
11100626,20170
11100237,20169
11100060,20173
11101978,20172
11101524,20171
11100166,20170
11100563,20169
11100934,20173
11101188,20172
11100979,20171
11100049,20170
11100849,20169
11100114,20173
11101035,20172
11100760,20171
11100560,20170
11101127,20169
11101895,20173
11100395,20172
11100564,20171
11100146,20170
11100396,20169
11101918,20173
11100199,20172
11101664,20171
11101255,20170
11100177,20169
11101282,20173
11101627,20172
11100966,20171
11101374,20170
11100231,20169
11101932,20173
11100274,20172
11101146,20171
11100008,20170
11100151,20169
11101194,20173
11100314,20172
11101022,20171
11101024,20190
11100866,20192
11101480,20188
11101220,20191
11100773,20189
11100600,20193
11100061,20190
11100142,20192
11101388,20188
11100084,20191
11100713,20189
11100408,20193
11101462,20190
11101872,20192
11100749,20188
11101991,20191
11100485,20189
11101885,20193
11100276,20190
11101634,20192
11100221,20188
11100683,20191
11101416,20189
11101979,20193
11100320,20190
11101405,20192
11101342,20188
11101745,20191
11100169,20189
11100370,20193
11100133,20190
11101654,20192
11100301,20188
11101005,20191
11101824,20189
11100280,20193
11101791,20190
11101562,20192
11100722,20188
11100225,20191
11100496,20189
11101729,20193
11100853,20190
11100768,20192
11101304,20188
11100341,20191
11100681,20189
11100660,20193
11100308,20192
11101825,20188
11101588,20191
11101651,20189
11101058,20193
11101228,20190
11101469,20192
11101041,20188
11101433,20191
11100465,20189
11101924,20193
11101656,20212
11100044,20210
11100874,20216
11100018,20214
11100747,20204
11101734,20207
11101357,20211
11101284,20213
11100721,20206
11100330,20205
11101056,20208
11101906,20215
11101535,20217
11101927,20209
11100324,20218
11100171,20212
11101340,20210
11100638,20216
11101501,20214
11100871,20204
11101837,20207
11101045,20211
11100162,20213
11100534,20206
11100933,20205
11101473,20215
11101004,20217
11100379,20209
11101308,20218
11100455,20212
11101417,20210
11100149,20216
11101552,20214
11101149,20204
11100527,20207
11100493,20211
11100909,20213
11100106,20206
11100615,20205
11100362,20208
11100090,20215
11101287,20217
11101032,20209
11101246,20218
11100092,20212
11101811,20210
11101883,20216
11100245,20214
11100825,20204
11101804,20207
11101020,20211
11101559,20213
11101154,20206
11101968,20205
11100453,20208
11100676,20215
11100145,20209
11100454,20218
11100711,20217
11101808,20212
11100539,20210
11100530,20216
11101533,20214
11100486,20204
11101504,20207
11101178,20211
11101434,20213
11100364,20206
11101196,20205
11101666,20208
11100264,20215
11101329,20209
11100941,20218
11101568,20217
11100403,20212
11101585,20210
11101987,20216
11101922,20214
11101393,20204
11100885,20207
11100094,20211
11100666,20213
11100477,20206
11101410,20205
11101622,20208
11100147,20215
11101672,20208
11100841,20223
11100633,20220
11100703,20229
11100899,20226
11101449,20224
11100607,20228
11100472,20219
11100138,20227
11100191,20221
11101179,20222
11101769,20225
11101690,20223
11100781,20220
11101984,20229
11100128,20226
11100294,20224
11101456,20228
11101107,20219
11101684,20227
11100494,20221
11101582,20222
11101460,20225
11101223,20223
11101072,20220
11100291,20229
11101055,20226
11100057,20224
11100977,20228
11101796,20219
11100382,20227
11101502,20221
11101832,20225
11101737,20223
11100353,20220
11101898,20229
11101521,20226
11101081,20224
11100174,20228
11101783,20219
11100811,20227
11101756,20221
11101054,20222
11101448,20225
11101635,20223
11100439,20220
11100770,20229
11101031,20226
11100423,20224
11100678,20228
11101121,20219
11100035,20227
11101822,20221
11101138,20222
11100167,20225
11100991,20223
11101477,20220
11101369,20229
11101675,20226
11100777,20224
11101471,20228
11101676,20219
11100931,20227
11101794,20222
11101317,20225
11101821,20223
11100865,20220
11101135,20229
11101959,20226
11100332,20224
11100833,20228
11101007,20219
11101584,20227
11101129,20221
11100347,20222
11101899,20225
11101526,20223
11101980,20220
11100004,20229
11100697,20226
11101529,20224
11101976,20228
11101531,20219
11101377,20227
11101986,20221
11100241,20222
11101625,20225
11100782,20231
11100962,20245
11101151,20244
11100812,20233
11101913,20236
11101386,20237
11101451,20246
11100109,20239
11100442,20243
11101234,20240
11100799,20247
11100580,20232
11100522,20230
11101581,20241
11100978,20235
11100113,20234
11101327,20242
11101621,20238
11100609,20248
11101008,20231
11101399,20245
11100283,20244
11101576,20233
11100091,20236
11100568,20237
11100655,20246
11100656,20239
11101827,20243
11100458,20240
11100511,20247
11101363,20232
11100235,20230
11101150,20241
11101447,20235
11100588,20234
11100675,20242
11100895,20238
11100685,20248
11101441,20240
11101964,20247
11100033,20232
11101003,20230
11101094,20241
11101712,20235
11100877,20234
11100326,20242
11101367,20238
11100334,20248
11100724,20231
11101938,20245
11100399,20244
11101323,20233
11100509,20236
11100112,20237
11101739,20246
11101926,20239
11100259,20243
11100229,20240
11101436,20247
11100654,20232
11100393,20230
11101579,20241
11101983,20235
11100897,20234
11101100,20242
11101140,20238
11100466,20248
11100290,20240
11100182,20247
11101606,20232
11100452,20230
11100510,20241
11101498,20235
11101698,20234
11100359,20242
11101649,20238
11101865,20248
11100779,20231
11101243,20245
11101946,20244
11100232,20233
11101122,20236
11100220,20237
11101407,20246
11100063,20239
11100360,20243
11101428,20240
11101098,20247
11100577,20232
11100012,20230
11101164,20241
11100401,20235
11101914,20234
11101636,20242
11100985,20238
11101242,20248
11100517,20252
11100540,20250
11101483,20251
11101013,20254
11101440,20253
11100684,20252
11101000,20250
11100776,20251
11100735,20249
11101092,20253
11100945,20252
11100950,20250
11100689,20251
11100809,20254
11101674,20249
11100158,20252
11100020,20250
11101505,20251
11101850,20249
11101268,20253
11101385,20249
11100243,20252
11101618,20250
11101992,20251
11101330,20254
11101631,20253
11100367,20252
11100800,20250
11101236,20251
11101902,20254
11100214,20253
11101616,20252
11101495,20250
11101167,20251
11100488,20254
11101848,20253
11100302,20257
11101472,20256
11100965,20259
11101063,20258
11101893,20260
11101834,20255
11100816,20257
11101851,20256
11100824,20259
11100581,20258
11100414,20260
11100992,20255
11101863,20257
11101779,20256
11100741,20259
11100356,20258
11101748,20260
11101156,20255
11100823,20257
11101132,20256
11101136,20259
11101464,20258
11101862,20260
11101073,20255
11101717,20266
11101381,20262
11101216,20263
11101890,20261
11101240,20265
11100967,20264
11101387,20266
11100999,20262
11100327,20263
11100440,20261
11100718,20265
11101722,20264
11100317,20266
11101854,20262
11101609,20263
11101263,20261
11100269,20265
11100586,20264
11101591,20266
11101703,20262
11101820,20263
11100529,20261
11100198,20265
11101691,20264
11100663,20263
11100381,20261
11101413,20265
11100917,20264
11100679,20266
11100815,20262
11101942,20263
11101573,20261
11101681,20265
11100019,20264
11100748,20266
11100772,20262
11101726,20263
11101925,20269
11100562,20270
11101596,20267
11101574,20273
11101124,20272
11100489,20271
11101489,20268
11101490,20269
11101053,20270
11100682,20267
11100210,20273
11101957,20272
11100013,20271
11101099,20268
11100175,20270
11100998,20267
11101219,20273
11101068,20272
11100339,20271
11100275,20268
11100184,20269
11100478,20270
11100861,20267
11101288,20273
11101507,20272
11101945,20271
11101203,20268
11100234,20268
11101608,20269
11101709,20270
11100848,20267
11101130,20273
11101293,20272
11101375,20271
11100696,20268
11100207,20270
11100255,20267
11101404,20273
11100010,20272
11101633,20271
11101296,20268
11101411,20269
11100935,20267
11100918,20273
11100254,20272
11101120,20271
11100925,20268
11101849,20269
11101823,20276
11100900,20275
11100993,20277
11101641,20278
11101657,20274
11101626,20279
11101782,20276
11100188,20275
11101488,20277
11101470,20278
11101930,20274
11100765,20279
11100505,20274
11101878,20279
11100067,20276
11100242,20275
11101264,20277
11101159,20278
11101578,20274
11101253,20279
11100226,20275
11100820,20277
11100499,20278
11101271,20274
11100340,20279
11100181,20274
11100826,20279
11100592,20276
11101555,20275
11100351,20277
11100059,20278
11100446,20274
11101075,20279
11100139,20277
11101218,20278
11100007,20274
11101889,20279
11101435,20275
11101806,20277
11101879,20278
11100189,20274
11101740,20279
11101313,20274
11100521,20279
11101277,20276
11100052,20275
11101707,20277
11101757,20278
11100422,20274
11100746,20279
11100937,20281
11101886,20280
11100388,20282
11100135,20284
11100535,20283
11100949,20281
11101316,20280
11100543,20282
11100172,20284
11101973,20283
11101518,20281
11101172,20280
11100717,20282
11101884,20284
11100349,20283
11100611,20281
11101990,20280
11100250,20282
11101619,20284
11101042,20281
11101016,20280
11101226,20282
11101697,20284
11101161,20283
11100070,20281
11100700,20280
11100786,20282
11100923,20284
11101350,20283
11101461,20281
11100715,20280
11101062,20282
11101134,20284
11100536,20280
11101599,20282
11101590,20284
11101904,20281
11100467,20280
11100026,20282
11100686,20284
11101642,20283
11101298,20281
11101481,20280
11100163,20282
11100252,20284
11100716,20283
11101955,20281
11100213,20280
11100074,20282
11100598,20287
11101935,20289
11101359,20286
11100569,20285
11101768,20288
11101444,20287
11101688,20289
11100155,20286
11100887,20285
11100888,20288
11100858,20289
11101311,20286
11100348,20285
11101324,20288
11101861,20287
11101643,20289
11101349,20286
11100500,20285
11100078,20288
11100021,20289
11100376,20286
11100913,20285
11101512,20288
11100248,20289
11101018,20286
11100727,20285
11100737,20288
11100705,20287
11100318,20289
11101933,20286
11101546,20285
11101727,20288
11100168,20293
11100740,20290
11100200,20292
11101256,20294
11101391,20291
11100854,20293
11100775,20290
11101454,20292
11101903,20294
11101450,20291
11101221,20294
11101215,20291
11100205,20293
11101358,20290
11101936,20292
11100263,20294
11100731,20291
11100015,20295
11100652,20296
11100055,20298
11101623,20299
11100204,20297
11100882,20295
11101048,20296
11100526,20298
11100402,20299
11101011,20297
11101539,20295
11100236,20296
11101162,20298
11100658,20299
11100590,20297
11101520,20295
11100292,20296
11100482,20298
11100791,20299
11100555,20297
11100880,20298
11100677,20299
11100870,20297
11101346,20295
11100829,20296
11101334,20298
11101029,20299
11100089,20297
11101857,20295
11101708,20296
11101333,20298
11100293,20300
11101200,20300
11100807,20300
11100835,20300
11101960,20011
11101689,20007
11101202,20008
11100278,20010
11100616,20009
11100531,20011
11100054,20007
11101442,20008
11101163,20010
11101492,20009
11101718,20007
11100365,20008
11100017,20010
11100170,20009
11101514,20011
11100053,20007
11101147,20008
11100300,20010
11101760,20009
11101792,20010
11101607,20009
11100774,20007
11101050,20008
11101137,20010
11101812,20009
11100708,20011
11100476,20020
11100331,20017
11101139,20018
11100464,20019
11100973,20021
11101766,20020
11100957,20017
11101767,20018
11101321,20019
11100851,20021
11101965,20017
11100548,20018
11101701,20019
11100601,20021
11101682,20020
11101692,20017
11101251,20018
11100441,20019
11100434,20021
11100305,20017
11101558,20018
11101371,20019
11100183,20021
11101593,20020
11101730,20017
11101396,20018
11100523,20019
11100891,20021
11100519,20026
11101569,20024
11101896,20022
11100545,20023
11101644,20025
11100920,20026
11101394,20024
11100886,20022
11101774,20023
11100997,20025
11101523,20026
11101409,20024
11100790,20022
11101705,20023
11100636,20025
11101485,20026
11100537,20024
11101975,20022
11100484,20023
11100514,20025
11101364,20024
11101090,20022
11100515,20023
11100337,20025
11101648,20026
11101408,20024
11101443,20022
11100058,20023
11101119,20025
11100164,20026
11101191,20024
11100669,20022
11101915,20023
11100487,20025
11101012,20032
11100766,20036
11100260,20033
11101429,20034
11100659,20035
11101241,20032
11101199,20036
11100247,20033
11101181,20034
11101244,20035
11100551,20033
11100975,20034
11101353,20035
11100634,20032
11101354,20036
11101658,20033
11100904,20034
11101193,20035
11100612,20033
11100479,20034
11101715,20035
11100990,20033
11101840,20034
11101496,20035
11100802,20032
11100623,20039
11100635,20040
11101786,20038
11100667,20041
11101176,20037
11100893,20039
11100706,20040
11100919,20038
11101601,20041
11100867,20037
11101972,20038
11101962,20041
11101630,20037
11101567,20039
11101406,20040
11100839,20038
11101997,20041
11101856,20037
11101923,20038
11100342,20041
11101262,20037
11100375,20039
11101335,20040
11101816,20038
11100565,20041
11100006,20037
11101550,20049
11101639,20053
11100751,20051
11101716,20052
11101415,20050
11100219,20049
11101104,20053
11100286,20051
11100619,20052
11101777,20050
11100412,20051
11101383,20052
11101177,20050
11100594,20049
11101758,20053
11100041,20051
11101508,20052
11101356,20050
11101764,20051
11100270,20052
11100046,20050
11101595,20051
11101637,20052
11101067,20050
11101198,20049
11100480,20053
11100187,20051
11101517,20052
11100579,20050
11100903,20052
11100462,20050
11100960,20051
11101700,20052
11101303,20050
11101671,20051
11101014,20052
11101875,20050
11101655,20049
11101085,20053
11101868,20051
11101379,20052
11101195,20050
11101755,20055
11101817,20054
11100217,20057
11101859,20056
11101247,20058
11101617,20055
11100005,20054
11101297,20057
11101168,20056
11100239,20058
11100311,20054
11100982,20057
11101835,20056
11101844,20058
11100649,20055
11100157,20054
11100413,20057
11101612,20056
11100618,20058
11100076,20058
11101846,20055
11100223,20054
11100475,20057
11100266,20056
11100644,20058
11101747,20057
11100127,20056
11101988,20058
11100119,20058
11101838,20055
11101245,20064
11100714,20068
11101285,20066
11101742,20067
11100093,20065
11100064,20064
11101753,20068
11100907,20066
11100459,20067
11101192,20065
11101566,20064
11100358,20068
11100003,20066
11100801,20067
11101307,20065
11100307,20066
11100117,20067
11100224,20065
11101339,20064
11100915,20068
11101652,20066
11100668,20067
11100701,20067
11100837,20065
11100152,20066
11100037,20067
11101771,20065
11101229,20064
11100502,20068
11100719,20066
11101487,20067
11101603,20072
11100574,20070
11101373,20073
11101743,20074
11100116,20071
11100952,20072
11100728,20070
11101638,20073
11100176,20074
11101770,20071
11101542,20073
11101207,20074
11100194,20071
11101931,20072
11101155,20070
11101259,20073
11101909,20074
11101476,20071
11100628,20070
11101213,20073
11100958,20074
11100632,20071
11100898,20073
11100495,20074
11101680,20071
11101563,20072
11101232,20070
11100436,20073
11101083,20074
11101078,20071
11100333,20072
11100695,20070
11101412,20073
11100922,20074
11100963,20071
11101615,20070
11100641,20073
11101061,20074
11100855,20071
11100410,20073
11100418,20074
11101910,20071
11100066,20072
11100371,20070
11101002,20074
11101597,20071
11100421,20070
11100524,20073
11101762,20074
11101540,20071
11101706,20073
11101235,20074
11101704,20071
11101328,20072
11100473,20070
11101076,20073
11100712,20074
11100369,20071
11100642,20072
11101880,20070
11101958,20073
11100022,20074
11101189,20071
11100400,20070
11100251,20073
11100444,20074
11100869,20071
11101554,20073
11101089,20074
11101724,20071
11101967,20072
11100605,20070
11101423,20071
11100425,20072
11101645,20070
11100814,20074
11101266,20071
11101040,20070
11100604,20073
11100906,20078
11101801,20077
11100154,20079
11100363,20199
11100929,20076
11101274,20202
11101403,20075
11100433,20200
11100661,20203
11100325,20201
11101963,20079
11101928,20199
11101418,20076
11101091,20202
11101624,20075
11101112,20200
11100625,20203
11101725,20201
11100852,20078
11100101,20077
11101116,20079
11100192,20199
11100571,20076
11101556,20202
11101463,20075
11101088,20200
11100025,20203
11100593,20201
11101728,20078
11100416,20077
11101858,20079
11101258,20199
11100043,20076
11101225,20202
11100617,20075
11101653,20200
11100304,20203
11101969,20201
11100132,20079
11100680,20199
11101027,20076
11101166,20202
11100373,20075
11100498,20200
11100240,20203
11101499,20201
11100610,20078
11100729,20077
11100981,20079
11100883,20199
11101870,20076
11100613,20202
11101810,20075
11101491,20200
11100582,20203
11101953,20201
11100173,20078
11100743,20077
11100533,20079
11101598,20199
11101678,20076
11101145,20202
11101795,20075
11101283,20200
11100051,20203
11101087,20201
11101966,20079
11100819,20199
11101401,20076
11100911,20202
11101836,20075
11101249,20200
11100193,20203
11100450,20201
11101629,20078
11101547,20077
11100483,20079
11101071,20199
11100072,20076
11100420,20202
11101343,20075
11101217,20200
11101384,20203
11101021,20201
11100397,20084
11101741,20082
11100313,20080
11100034,20081
11100647,20083
11101084,20084
11100688,20082
11101341,20080
11100516,20081
11101457,20083
11100631,20084
11100859,20082
11101995,20080
11101683,20081
11100804,20083
11100896,20084
11100943,20082
11101037,20080
11100268,20081
11101647,20083
11100027,20084
11100585,20082
11101169,20080
11100757,20081
11100587,20083
11101971,20084
11100546,20082
11101661,20080
11101009,20081
11100153,20083
11100890,20083
11101077,20084
11101414,20082
11100671,20080
11100996,20081
11101887,20083
11101275,20092
11100281,20093
11101117,20095
11101735,20094
11101833,20091
11101010,20092
11100650,20093
11101583,20095
11101355,20094
11100028,20091
11101019,20093
11100077,20095
11100085,20094
11101493,20091
11101326,20092
11100938,20093
11100710,20095
11100406,20094
11100261,20091
11101445,20095
11100817,20094
11101187,20091
11100216,20093
11100218,20095
11101696,20094
11101772,20091
11100428,20092
11101537,20093
11101620,20095
11100357,20094
11100520,20091
11101211,20096
11101819,20097
11101669,20098
11100504,20099
11100785,20100
11101280,20096
11101278,20097
11100988,20098
11101336,20099
11100321,20100
11101731,20098
11101395,20099
11101422,20100
11100702,20096
11100744,20097
11100437,20098
11101437,20099
11100389,20100
11101051,20096
11100419,20097
11100299,20098
11101366,20099
11100756,20100
11101142,20098
11101465,20099
11100986,20100
11101864,20096
11100953,20097
11100614,20098
11100297,20099
11100863,20100
11101214,20097
11101650,20098
11101713,20099
11101400,20100
11101807,20096
11100123,20097
11100384,20098
11100843,20099
11101043,20100
11100964,20098
11101069,20099
11100023,20100
11101544,20096
11100687,20097
11100559,20098
11100039,20099
11101765,20100
11100295,20101
11101160,20102
11100624,20104
11101227,20103
11100178,20105
11101891,20101
11101108,20102
11100096,20104
11100602,20103
11101761,20105
11101466,20101
11100805,20102
11100404,20104
11100889,20103
11101685,20105
11100212,20101
11100969,20102
11100233,20104
11100190,20103
11101392,20105
11100319,20103
11100810,20105
11101320,20101
11101305,20102
11100310,20104
11101855,20113
11100758,20111
11100065,20115
11101985,20114
11101679,20112
11101459,20113
11102000,20111
11100431,20115
11100827,20114
11100098,20112
11101917,20115
11101128,20114
11100068,20112
11100832,20113
11100830,20111
11101222,20115
11100426,20114
11100103,20112
11101230,20111
11100121,20115
11101668,20114
11100860,20112
11100071,20115
11101763,20114
11100134,20112
11101905,20113
11100879,20111
11101382,20115
11101943,20114
11101548,20112
11101749,20116
11100100,20117
11100083,20118
11100583,20116
11100547,20117
11101302,20118
11101486,20117
11100567,20118
11100040,20116
11101439,20117
11101841,20118
11101224,20117
11100930,20118
11101982,20117
11101158,20118
11100492,20116
11101182,20119
11100457,20121
11101001,20120
11100316,20122
11100674,20123
11101527,20119
11100972,20121
11100944,20120
11101714,20122
11100415,20123
11100202,20120
11101267,20122
11100673,20123
11100954,20119
11100884,20121
11101831,20120
11100549,20122
11100662,20123
11100227,20120
11100438,20122
11100328,20123
11101494,20120
11100111,20122
11100447,20123
11100352,20119
11101710,20121
11101143,20120
11100995,20122
11101257,20123
11100561,20124
11100230,20125
11100629,20126
11101265,20124
11101310,20125
11100640,20126
11101126,20125
11100104,20126
11101347,20124
11100160,20125
11100762,20126
11100385,20125
11100047,20126
11101522,20144
11100857,20143
11100125,20141
11100845,20140
11100528,20142
11101064,20144
11100087,20143
11100159,20141
11100387,20140
11101254,20142
11101015,20141
11101536,20140
11101604,20142
11101111,20144
11101052,20143
11101452,20141
11101952,20140
11101186,20142
11100692,20145
11101773,20146
11100463,20149
11100947,20148
11101475,20147
11101929,20145
11101426,20146
11100750,20149
11100201,20148
11100643,20147
11101719,20145
11101028,20146
11101670,20149
11100892,20148
11100808,20147
11101453,20148
11101941,20147
11101180,20145
11101125,20146
11100303,20149
11101312,20148
11100778,20147
11101586,20145
11101231,20146
11101873,20149
11100974,20148
11100186,20147
11101802,20146
11100312,20149
11100916,20148
11101368,20147
11101720,20148
11101660,20147
11101961,20145
11100372,20146
11100550,20149
11101530,20148
11101467,20147
11100850,20145
11100424,20146
11100693,20149
11101920,20148
11100784,20147
11101871,20145
11100088,20146
11100062,20149
11101153,20148
11101733,20147
11101877,20146
11101989,20149
11101687,20151
11100983,20150
11101513,20152
11101847,20154
11101981,20153
11100374,20151
11101693,20150
11101314,20152
11100309,20154
11100056,20153
11101790,20150
11100503,20152
11101152,20154
11101185,20153
11100208,20151
11101506,20150
11100124,20152
11100346,20154
11101587,20153
11100029,20152
11100079,20154
11100771,20153
11100932,20150
11100469,20152
11100873,20154
11100001,20153
11101250,20151
11101421,20150
11101951,20152
11101571,20154
11101662,20153
11100570,20153
11100905,20150
11100108,20152
11101309,20154
11100506,20153
11101646,20151
11100595,20150
11101632,20152
11101497,20154
11100143,20160
11101397,20164
11100984,20163
11101800,20161
11100921,20162
11101093,20160
11100942,20164
11101389,20163
11100115,20161
11101738,20162
11101907,20160
11100405,20164
11101594,20163
11100016,20161
11100081,20162
11100876,20160
11100391,20164
11101721,20163
11100596,20161
11101908,20162
11100518,20160
11100989,20164
11100691,20163
11101086,20161
11101113,20162
11101074,20160
11100267,20164
11100971,20163
11101614,20161
11101815,20162
11101292,20160
11101174,20164
11100031,20163
11100763,20161
11101133,20162
11100576,20166
11100335,20165
11100461,20166
11101420,20165
11100844,20165
11101869,20166
11100366,20165
11100329,20166
11100246,20165
11101148,20166
11100179,20165
11100253,20165
11101600,20166
11100572,20165
11101118,20175
11100380,20177
11100361,20167
11100902,20176
11100788,20174
11100289,20175
11101165,20177
11101026,20167
11100939,20176
11101204,20174
11100878,20175
11100277,20177
11100315,20167
11101830,20176
11100864,20174
11101197,20175
11101511,20177
11100532,20167
11101901,20176
11100282,20174
11101784,20167
11100042,20176
11100657,20174
11101261,20175
11100411,20177
11100734,20167
11101532,20176
11101860,20174
11100038,20175
11101281,20177
11100185,20167
11100196,20176
11101759,20174
11100144,20179
11101260,20178
11100968,20179
11100131,20178
11101291,20179
11101286,20178
11100764,20179
11100976,20178
11101300,20178
11100507,20179
11101866,20178
11101289,20179
11100838,20178
11101781,20179
11100024,20178
11101206,20180
11100323,20183
11101332,20181
11101999,20182
11101736,20183
11100794,20181
11100742,20182
11100451,20180
11101038,20183
11101157,20181
11100073,20182
11101516,20183
11101916,20181
11101425,20182
11101751,20181
11100881,20182
11101458,20183
11100961,20181
11101911,20182
11100512,20182
11100002,20183
11100704,20181
11100322,20182
11100306,20181
11101695,20182
11100490,20183
11101853,20181
11100471,20182
11101017,20184
11101867,20187
11100122,20185
11100383,20186
11100908,20184
11100195,20187
11101360,20185
11101318,20186
11101380,20184
11101826,20187
11100285,20185
11101580,20186
11100834,20184
11101892,20187
11101510,20185
11101141,20186
11100738,20185
11100513,20186
11100797,20184
11101398,20187
11100806,20185
11100435,20186
11100102,20184
11101331,20187
11100828,20185
11100955,20186
11100924,20184
11100620,20187
11100378,20185
11100847,20186
11101785,20198
11101663,20194
11101059,20196
11101575,20195
11101829,20197
11100730,20198
11101352,20194
11100725,20196
11101301,20195
11101294,20197
11101814,20194
11101049,20196
11101592,20195
11101937,20197
11101109,20198
11101183,20194
11101947,20196
11100787,20195
11101025,20197
11100699,20269
11101102,20270
11100256,20267
11100136,20273
11101503,20272
11100470,20271
11100150,20268
11100538,20269
11101096,20270
11101402,20267
11101030,20273
11101538,20272
11101057,20271
11101711,20268
11100430,20269
11100926,20270
11101949,20267
11101361,20273
11100862,20272
11101212,20271
11100045,20268
11100273,20273
11101702,20272
11100584,20271
11101103,20268
11101095,20269
11101611,20270
11100508,20267
11101519,20273
11101210,20272
11101944,20271
11101882,20268
11100080,20078
11101105,20077
11100129,20079
11100284,20199
11100739,20076
11101365,20202
11101797,20075
11101131,20200
11101115,20203
11100946,20201
11101950,20078
11100894,20077
11101039,20079
11100118,20199
11101046,20076
11100792,20202
11100956,20075
11100558,20200
11101208,20203
11100244,20201
11101509,20146
11101667,20149
11100120,20148
11101845,20147
11100086,20148
11101998,20147
