doctor_id,language_id
11100001,101004
11100002,101004
11100003,101004
11100004,101004
11100005,101004
11100006,101004
11100007,101004
11100008,101004
11100009,101004
11100010,101004
11100011,101004
11100012,101004
11100013,101004
11100014,101004
11100015,101004
11100016,101004
11100017,101004
11100018,101004
11100019,101004
11100020,101004
11100021,101004
11100022,101004
11100023,101004
11100024,101004
11100025,101004
11100026,101004
11100027,101004
11100028,101004
11100029,101004
11100030,101004
11100031,101004
11100032,101004
11100033,101004
11100034,101004
11100035,101004
11100036,101004
11100037,101004
11100038,101004
11100039,101004
11100040,101004
11100041,101004
11100042,101004
11100043,101004
11100044,101004
11100045,101004
11100046,101004
11100047,101004
11100048,101004
11100049,101004
11100050,101004
11100051,101004
11100052,101004
11100053,101004
11100054,101004
11100055,101004
11100056,101004
11100057,101004
11100058,101004
11100059,101004
11100060,101004
11100061,101004
11100062,101004
11100063,101004
11100064,101004
11100065,101004
11100066,101004
11100067,101004
11100068,101004
11100069,101004
11100070,101004
11100071,101004
11100072,101004
11100073,101004
11100074,101004
11100075,101004
11100076,101004
11100077,101004
11100078,101004
11100079,101004
11100080,101004
11100081,101004
11100082,101004
11100083,101004
11100084,101004
11100085,101004
11100086,101004
11100087,101004
11100088,101004
11100089,101004
11100090,101004
11100091,101004
11100092,101004
11100093,101004
11100094,101004
11100095,101004
11100096,101004
11100097,101004
11100098,101004
11100099,101004
11100100,101004
11100101,101004
11100102,101004
11100103,101004
11100104,101004
11100105,101004
11100106,101004
11100107,101004
11100108,101004
11100109,101004
11100110,101004
11100111,101004
11100112,101004
11100113,101004
11100114,101004
11100115,101004
11100116,101004
11100117,101004
11100118,101004
11100119,101004
11100120,101004
11100121,101004
11100122,101004
11100123,101004
11100124,101004
11100125,101004
11100126,101004
11100127,101004
11100128,101004
11100129,101004
11100130,101004
11100131,101004
11100132,101004
11100133,101004
11100134,101004
11100135,101004
11100136,101004
11100137,101004
11100138,101004
11100139,101004
11100140,101004
11100141,101004
11100142,101004
11100143,101004
11100144,101004
11100145,101004
11100146,101004
11100147,101004
11100148,101004
11100149,101004
11100150,101004
11100151,101004
11100152,101004
11100153,101004
11100154,101004
11100155,101004
11100156,101004
11100157,101004
11100158,101004
11100159,101004
11100160,101004
11100161,101004
11100162,101004
11100163,101004
11100164,101004
11100165,101004
11100166,101004
11100167,101004
11100168,101004
11100169,101004
11100170,101004
11100171,101004
11100172,101004
11100173,101004
11100174,101004
11100175,101004
11100176,101004
11100177,101004
11100178,101004
11100179,101004
11100180,101004
11100181,101004
11100182,101004
11100183,101004
11100184,101004
11100185,101004
11100186,101004
11100187,101004
11100188,101004
11100189,101004
11100190,101004
11100191,101004
11100192,101004
11100193,101004
11100194,101004
11100195,101004
11100196,101004
11100197,101004
11100198,101004
11100199,101004
11100200,101004
11100201,101004
11100202,101004
11100203,101004
11100204,101004
11100205,101004
11100206,101004
11100207,101004
11100208,101004
11100209,101004
11100210,101004
11100211,101004
11100212,101004
11100213,101004
11100214,101004
11100215,101004
11100216,101004
11100217,101004
11100218,101004
11100219,101004
11100220,101004
11100221,101004
11100222,101004
11100223,101004
11100224,101004
11100225,101004
11100226,101004
11100227,101004
11100228,101004
11100229,101004
11100230,101004
11100231,101004
11100232,101004
11100233,101004
11100234,101004
11100235,101004
11100236,101004
11100237,101004
11100238,101004
11100239,101004
11100240,101004
11100241,101004
11100242,101004
11100243,101004
11100244,101004
11100245,101004
11100246,101004
11100247,101004
11100248,101004
11100249,101004
11100250,101004
11100251,101004
11100252,101004
11100253,101004
11100254,101004
11100255,101004
11100256,101004
11100257,101004
11100258,101004
11100259,101004
11100260,101004
11100261,101004
11100262,101004
11100263,101004
11100264,101004
11100265,101004
11100266,101004
11100267,101004
11100268,101004
11100269,101004
11100270,101004
11100271,101004
11100272,101004
11100273,101004
11100274,101004
11100275,101004
11100276,101004
11100277,101004
11100278,101004
11100279,101004
11100280,101004
11100281,101004
11100282,101004
11100283,101004
11100284,101004
11100285,101004
11100286,101004
11100287,101004
11100288,101004
11100289,101004
11100290,101004
11100291,101004
11100292,101004
11100293,101004
11100294,101004
11100295,101004
11100296,101004
11100297,101004
11100298,101004
11100299,101004
11100300,101004
11100301,101004
11100302,101004
11100303,101004
11100304,101004
11100305,101004
11100306,101004
11100307,101004
11100308,101004
11100309,101004
11100310,101004
11100311,101004
11100312,101004
11100313,101004
11100314,101004
11100315,101004
11100316,101004
11100317,101004
11100318,101004
11100319,101004
11100320,101004
11100321,101004
11100322,101004
11100323,101004
11100324,101004
11100325,101004
11100326,101004
11100327,101004
11100328,101004
11100329,101004
11100330,101004
11100331,101004
11100332,101004
11100333,101004
11100334,101004
11100335,101004
11100336,101004
11100337,101004
11100338,101004
11100339,101004
11100340,101004
11100341,101004
11100342,101004
11100343,101004
11100344,101004
11100345,101004
11100346,101004
11100347,101004
11100348,101004
11100349,101004
11100350,101004
11100351,101004
11100352,101004
11100353,101004
11100354,101004
11100355,101004
11100356,101004
11100357,101004
11100358,101004
11100359,101004
11100360,101004
11100361,101004
11100362,101004
11100363,101004
11100364,101004
11100365,101004
11100366,101004
11100367,101004
11100368,101004
11100369,101004
11100370,101004
11100371,101004
11100372,101004
11100373,101004
11100374,101004
11100375,101004
11100376,101004
11100377,101004
11100378,101004
11100379,101004
11100380,101004
11100381,101004
11100382,101004
11100383,101004
11100384,101004
11100385,101004
11100386,101004
11100387,101004
11100388,101004
11100389,101004
11100390,101004
11100391,101004
11100392,101004
11100393,101004
11100394,101004
11100395,101004
11100396,101004
11100397,101004
11100398,101004
11100399,101004
11100400,101004
11100401,101004
11100402,101004
11100403,101004
11100404,101004
11100405,101004
11100406,101004
11100407,101004
11100408,101004
11100409,101004
11100410,101004
11100411,101004
11100412,101004
11100413,101004
11100414,101004
11100415,101004
11100416,101004
11100417,101004
11100418,101004
11100419,101004
11100420,101004
11100421,101004
11100422,101004
11100423,101004
11100424,101004
11100425,101004
11100426,101004
11100427,101004
11100428,101004
11100429,101004
11100430,101004
11100431,101004
11100432,101004
11100433,101004
11100434,101004
11100435,101004
11100436,101004
11100437,101004
11100438,101004
11100439,101004
11100440,101004
11100441,101004
11100442,101004
11100443,101004
11100444,101004
11100445,101004
11100446,101004
11100447,101004
11100448,101004
11100449,101004
11100450,101004
11100451,101004
11100452,101004
11100453,101004
11100454,101004
11100455,101004
11100456,101004
11100457,101004
11100458,101004
11100459,101004
11100460,101004
11100461,101004
11100462,101004
11100463,101004
11100464,101004
11100465,101004
11100466,101004
11100467,101004
11100468,101004
11100469,101004
11100470,101004
11100471,101004
11100472,101004
11100473,101004
11100474,101004
11100475,101004
11100476,101004
11100477,101004
11100478,101004
11100479,101004
11100480,101004
11100481,101004
11100482,101004
11100483,101004
11100484,101004
11100485,101004
11100486,101004
11100487,101004
11100488,101004
11100489,101004
11100490,101004
11100491,101004
11100492,101004
11100493,101004
11100494,101004
11100495,101004
11100496,101004
11100497,101004
11100498,101004
11100499,101004
11100500,101004
11100501,101004
11100502,101004
11100503,101004
11100504,101004
11100505,101004
11100506,101004
11100507,101004
11100508,101004
11100509,101004
11100510,101004
11100511,101004
11100512,101004
11100513,101004
11100514,101004
11100515,101004
11100516,101004
11100517,101004
11100518,101004
11100519,101004
11100520,101004
11100521,101004
11100522,101004
11100523,101004
11100524,101004
11100525,101004
11100526,101004
11100527,101004
11100528,101004
11100529,101004
11100530,101004
11100531,101004
11100532,101004
11100533,101004
11100534,101004
11100535,101004
11100536,101004
11100537,101004
11100538,101004
11100539,101004
11100540,101004
11100541,101004
11100542,101004
11100543,101004
11100544,101004
11100545,101004
11100546,101004
11100547,101004
11100548,101004
11100549,101004
11100550,101004
11100551,101004
11100552,101004
11100553,101004
11100554,101004
11100555,101004
11100556,101004
11100557,101004
11100558,101004
11100559,101004
11100560,101004
11100561,101004
11100562,101004
11100563,101004
11100564,101004
11100565,101004
11100566,101004
11100567,101004
11100568,101004
11100569,101004
11100570,101004
11100571,101004
11100572,101004
11100573,101004
11100574,101004
11100575,101004
11100576,101004
11100577,101004
11100578,101004
11100579,101004
11100580,101004
11100581,101004
11100582,101004
11100583,101004
11100584,101004
11100585,101004
11100586,101004
11100587,101004
11100588,101004
11100589,101004
11100590,101004
11100591,101004
11100592,101004
11100593,101004
11100594,101004
11100595,101004
11100596,101004
11100597,101004
11100598,101004
11100599,101004
11100600,101004
11100601,101004
11100602,101004
11100603,101004
11100604,101004
11100605,101004
11100606,101004
11100607,101004
11100608,101004
11100609,101004
11100610,101004
11100611,101004
11100612,101004
11100613,101004
11100614,101004
11100615,101004
11100616,101004
11100617,101004
11100618,101004
11100619,101004
11100620,101004
11100621,101004
11100622,101004
11100623,101004
11100624,101004
11100625,101004
11100626,101004
11100627,101004
11100628,101004
11100629,101004
11100630,101004
11100631,101004
11100632,101004
11100633,101004
11100634,101004
11100635,101004
11100636,101004
11100637,101004
11100638,101004
11100639,101004
11100640,101004
11100641,101004
11100642,101004
11100643,101004
11100644,101004
11100645,101004
11100646,101004
11100647,101004
11100648,101004
11100649,101004
11100650,101004
11100651,101004
11100652,101004
11100653,101004
11100654,101004
11100655,101004
11100656,101004
11100657,101004
11100658,101004
11100659,101004
11100660,101004
11100661,101004
11100662,101004
11100663,101004
11100664,101004
11100665,101004
11100666,101004
11100667,101004
11100668,101004
11100669,101004
11100670,101004
11100671,101004
11100672,101004
11100673,101004
11100674,101004
11100675,101004
11100676,101004
11100677,101004
11100678,101004
11100679,101004
11100680,101004
11100681,101004
11100682,101004
11100683,101004
11100684,101004
11100685,101004
11100686,101004
11100687,101004
11100688,101004
11100689,101004
11100690,101004
11100691,101004
11100692,101004
11100693,101004
11100694,101004
11100695,101004
11100696,101004
11100697,101004
11100698,101004
11100699,101004
11100700,101004
11100701,101004
11100702,101004
11100703,101004
11100704,101004
11100705,101004
11100706,101004
11100707,101004
11100708,101004
11100709,101004
11100710,101004
11100711,101004
11100712,101004
11100713,101004
11100714,101004
11100715,101004
11100716,101004
11100717,101004
11100718,101004
11100719,101004
11100720,101004
11100721,101004
11100722,101004
11100723,101004
11100724,101004
11100725,101004
11100726,101004
11100727,101004
11100728,101004
11100729,101004
11100730,101004
11100731,101004
11100732,101004
11100733,101004
11100734,101004
11100735,101004
11100736,101004
11100737,101004
11100738,101004
11100739,101004
11100740,101004
11100741,101004
11100742,101004
11100743,101004
11100744,101004
11100745,101004
11100746,101004
11100747,101004
11100748,101004
11100749,101004
11100750,101004
11100751,101004
11100752,101004
11100753,101004
11100754,101004
11100755,101004
11100756,101004
11100757,101004
11100758,101004
11100759,101004
11100760,101004
11100761,101004
11100762,101004
11100763,101004
11100764,101004
11100765,101004
11100766,101004
11100767,101004
11100768,101004
11100769,101004
11100770,101004
11100771,101004
11100772,101004
11100773,101004
11100774,101004
11100775,101004
11100776,101004
11100777,101004
11100778,101004
11100779,101004
11100780,101004
11100781,101004
11100782,101004
11100783,101004
11100784,101004
11100785,101004
11100786,101004
11100787,101004
11100788,101004
11100789,101004
11100790,101004
11100791,101004
11100792,101004
11100793,101004
11100794,101004
11100795,101004
11100796,101004
11100797,101004
11100798,101004
11100799,101004
11100800,101004
11100801,101004
11100802,101004
11100803,101004
11100804,101004
11100805,101004
11100806,101004
11100807,101004
11100808,101004
11100809,101004
11100810,101004
11100811,101004
11100812,101004
11100813,101004
11100814,101004
11100815,101004
11100816,101004
11100817,101004
11100818,101004
11100819,101004
11100820,101004
11100821,101004
11100822,101004
11100823,101004
11100824,101004
11100825,101004
11100826,101004
11100827,101004
11100828,101004
11100829,101004
11100830,101004
11100831,101004
11100832,101004
11100833,101004
11100834,101004
11100835,101004
11100836,101004
11100837,101004
11100838,101004
11100839,101004
11100840,101004
11100841,101004
11100842,101004
11100843,101004
11100844,101004
11100845,101004
11100846,101004
11100847,101004
11100848,101004
11100849,101004
11100850,101004
11100851,101004
11100852,101004
11100853,101004
11100854,101004
11100855,101004
11100856,101004
11100857,101004
11100858,101004
11100859,101004
11100860,101004
11100861,101004
11100862,101004
11100863,101004
11100864,101004
11100865,101004
11100866,101004
11100867,101004
11100868,101004
11100869,101004
11100870,101004
11100871,101004
11100872,101004
11100873,101004
11100874,101004
11100875,101004
11100876,101004
11100877,101004
11100878,101004
11100879,101004
11100880,101004
11100881,101004
11100882,101004
11100883,101004
11100884,101004
11100885,101004
11100886,101004
11100887,101004
11100888,101004
11100889,101004
11100890,101004
11100891,101004
11100892,101004
11100893,101004
11100894,101004
11100895,101004
11100896,101004
11100897,101004
11100898,101004
11100899,101004
11100900,101004
11100901,101004
11100902,101004
11100903,101004
11100904,101004
11100905,101004
11100906,101004
11100907,101004
11100908,101004
11100909,101004
11100910,101004
11100911,101004
11100912,101004
11100913,101004
11100914,101004
11100915,101004
11100916,101004
11100917,101004
11100918,101004
11100919,101004
11100920,101004
11100921,101004
11100922,101004
11100923,101004
11100924,101004
11100925,101004
11100926,101004
11100927,101004
11100928,101004
11100929,101004
11100930,101004
11100931,101004
11100932,101004
11100933,101004
11100934,101004
11100935,101004
11100936,101004
11100937,101004
11100938,101004
11100939,101004
11100940,101004
11100941,101004
11100942,101004
11100943,101004
11100944,101004
11100945,101004
11100946,101004
11100947,101004
11100948,101004
11100949,101004
11100950,101004
11100951,101004
11100952,101004
11100953,101004
11100954,101004
11100955,101004
11100956,101004
11100957,101004
11100958,101004
11100959,101004
11100960,101004
11100961,101004
11100962,101004
11100963,101004
11100964,101004
11100965,101004
11100966,101004
11100967,101004
11100968,101004
11100969,101004
11100970,101004
11100971,101004
11100972,101004
11100973,101004
11100974,101004
11100975,101004
11100976,101004
11100977,101004
11100978,101004
11100979,101004
11100980,101004
11100981,101004
11100982,101004
11100983,101004
11100984,101004
11100985,101004
11100986,101004
11100987,101004
11100988,101004
11100989,101004
11100990,101004
11100991,101004
11100992,101004
11100993,101004
11100994,101004
11100995,101004
11100996,101004
11100997,101004
11100998,101004
11100999,101004
11101000,101004
11101001,101004
11101002,101004
11101003,101004
11101004,101004
11101005,101004
11101006,101004
11101007,101004
11101008,101004
11101009,101004
11101010,101004
11101011,101004
11101012,101004
11101013,101004
11101014,101004
11101015,101004
11101016,101004
11101017,101004
11101018,101004
11101019,101004
11101020,101004
11101021,101004
11101022,101004
11101023,101004
11101024,101004
11101025,101004
11101026,101004
11101027,101004
11101028,101004
11101029,101004
11101030,101004
11101031,101004
11101032,101004
11101033,101004
11101034,101004
11101035,101004
11101036,101004
11101037,101004
11101038,101004
11101039,101004
11101040,101004
11101041,101004
11101042,101004
11101043,101004
11101044,101004
11101045,101004
11101046,101004
11101047,101004
11101048,101004
11101049,101004
11101050,101004
11101051,101004
11101052,101004
11101053,101004
11101054,101004
11101055,101004
11101056,101004
11101057,101004
11101058,101004
11101059,101004
11101060,101004
11101061,101004
11101062,101004
11101063,101004
11101064,101004
11101065,101004
11101066,101004
11101067,101004
11101068,101004
11101069,101004
11101070,101004
11101071,101004
11101072,101004
11101073,101004
11101074,101004
11101075,101004
11101076,101004
11101077,101004
11101078,101004
11101079,101004
11101080,101004
11101081,101004
11101082,101004
11101083,101004
11101084,101004
11101085,101004
11101086,101004
11101087,101004
11101088,101004
11101089,101004
11101090,101004
11101091,101004
11101092,101004
11101093,101004
11101094,101004
11101095,101004
11101096,101004
11101097,101004
11101098,101004
11101099,101004
11101100,101004
11101101,101004
11101102,101004
11101103,101004
11101104,101004
11101105,101004
11101106,101004
11101107,101004
11101108,101004
11101109,101004
11101110,101004
11101111,101004
11101112,101004
11101113,101004
11101114,101004
11101115,101004
11101116,101004
11101117,101004
11101118,101004
11101119,101004
11101120,101004
11101121,101004
11101122,101004
11101123,101004
11101124,101004
11101125,101004
11101126,101004
11101127,101004
11101128,101004
11101129,101004
11101130,101004
11101131,101004
11101132,101004
11101133,101004
11101134,101004
11101135,101004
11101136,101004
11101137,101004
11101138,101004
11101139,101004
11101140,101004
11101141,101004
11101142,101004
11101143,101004
11101144,101004
11101145,101004
11101146,101004
11101147,101004
11101148,101004
11101149,101004
11101150,101004
11101151,101004
11101152,101004
11101153,101004
11101154,101004
11101155,101004
11101156,101004
11101157,101004
11101158,101004
11101159,101004
11101160,101004
11101161,101004
11101162,101004
11101163,101004
11101164,101004
11101165,101004
11101166,101004
11101167,101004
11101168,101004
11101169,101004
11101170,101004
11101171,101004
11101172,101004
11101173,101004
11101174,101004
11101175,101004
11101176,101004
11101177,101004
11101178,101004
11101179,101004
11101180,101004
11101181,101004
11101182,101004
11101183,101004
11101184,101004
11101185,101004
11101186,101004
11101187,101004
11101188,101004
11101189,101004
11101190,101004
11101191,101004
11101192,101004
11101193,101004
11101194,101004
11101195,101004
11101196,101004
11101197,101004
11101198,101004
11101199,101004
11101200,101004
11101201,101004
11101202,101004
11101203,101004
11101204,101004
11101205,101004
11101206,101004
11101207,101004
11101208,101004
11101209,101004
11101210,101004
11101211,101004
11101212,101004
11101213,101004
11101214,101004
11101215,101004
11101216,101004
11101217,101004
11101218,101004
11101219,101004
11101220,101004
11101221,101004
11101222,101004
11101223,101004
11101224,101004
11101225,101004
11101226,101004
11101227,101004
11101228,101004
11101229,101004
11101230,101004
11101231,101004
11101232,101004
11101233,101004
11101234,101004
11101235,101004
11101236,101004
11101237,101004
11101238,101004
11101239,101004
11101240,101004
11101241,101004
11101242,101004
11101243,101004
11101244,101004
11101245,101004
11101246,101004
11101247,101004
11101248,101004
11101249,101004
11101250,101004
11101251,101004
11101252,101004
11101253,101004
11101254,101004
11101255,101004
11101256,101004
11101257,101004
11101258,101004
11101259,101004
11101260,101004
11101261,101004
11101262,101004
11101263,101004
11101264,101004
11101265,101004
11101266,101004
11101267,101004
11101268,101004
11101269,101004
11101270,101004
11101271,101004
11101272,101004
11101273,101004
11101274,101004
11101275,101004
11101276,101004
11101277,101004
11101278,101004
11101279,101004
11101280,101004
11101281,101004
11101282,101004
11101283,101004
11101284,101004
11101285,101004
11101286,101004
11101287,101004
11101288,101004
11101289,101004
11101290,101004
11101291,101004
11101292,101004
11101293,101004
11101294,101004
11101295,101004
11101296,101004
11101297,101004
11101298,101004
11101299,101004
11101300,101004
11101301,101004
11101302,101004
11101303,101004
11101304,101004
11101305,101004
11101306,101004
11101307,101004
11101308,101004
11101309,101004
11101310,101004
11101311,101004
11101312,101004
11101313,101004
11101314,101004
11101315,101004
11101316,101004
11101317,101004
11101318,101004
11101319,101004
11101320,101004
11101321,101004
11101322,101004
11101323,101004
11101324,101004
11101325,101004
11101326,101004
11101327,101004
11101328,101004
11101329,101004
11101330,101004
11101331,101004
11101332,101004
11101333,101004
11101334,101004
11101335,101004
11101336,101004
11101337,101004
11101338,101004
11101339,101004
11101340,101004
11101341,101004
11101342,101004
11101343,101004
11101344,101004
11101345,101004
11101346,101004
11101347,101004
11101348,101004
11101349,101004
11101350,101004
11101351,101004
11101352,101004
11101353,101004
11101354,101004
11101355,101004
11101356,101004
11101357,101004
11101358,101004
11101359,101004
11101360,101004
11101361,101004
11101362,101004
11101363,101004
11101364,101004
11101365,101004
11101366,101004
11101367,101004
11101368,101004
11101369,101004
11101370,101004
11101371,101004
11101372,101004
11101373,101004
11101374,101004
11101375,101004
11101376,101004
11101377,101004
11101378,101004
11101379,101004
11101380,101004
11101381,101004
11101382,101004
11101383,101004
11101384,101004
11101385,101004
11101386,101004
11101387,101004
11101388,101004
11101389,101004
11101390,101004
11101391,101004
11101392,101004
11101393,101004
11101394,101004
11101395,101004
11101396,101004
11101397,101004
11101398,101004
11101399,101004
11101400,101004
11101401,101004
11101402,101004
11101403,101004
11101404,101004
11101405,101004
11101406,101004
11101407,101004
11101408,101004
11101409,101004
11101410,101004
11101411,101004
11101412,101004
11101413,101004
11101414,101004
11101415,101004
11101416,101004
11101417,101004
11101418,101004
11101419,101004
11101420,101004
11101421,101004
11101422,101004
11101423,101004
11101424,101004
11101425,101004
11101426,101004
11101427,101004
11101428,101004
11101429,101004
11101430,101004
11101431,101004
11101432,101004
11101433,101004
11101434,101004
11101435,101004
11101436,101004
11101437,101004
11101438,101004
11101439,101004
11101440,101004
11101441,101004
11101442,101004
11101443,101004
11101444,101004
11101445,101004
11101446,101004
11101447,101004
11101448,101004
11101449,101004
11101450,101004
11101451,101004
11101452,101004
11101453,101004
11101454,101004
11101455,101004
11101456,101004
11101457,101004
11101458,101004
11101459,101004
11101460,101004
11101461,101004
11101462,101004
11101463,101004
11101464,101004
11101465,101004
11101466,101004
11101467,101004
11101468,101004
11101469,101004
11101470,101004
11101471,101004
11101472,101004
11101473,101004
11101474,101004
11101475,101004
11101476,101004
11101477,101004
11101478,101004
11101479,101004
11101480,101004
11101481,101004
11101482,101004
11101483,101004
11101484,101004
11101485,101004
11101486,101004
11101487,101004
11101488,101004
11101489,101004
11101490,101004
11101491,101004
11101492,101004
11101493,101004
11101494,101004
11101495,101004
11101496,101004
11101497,101004
11101498,101004
11101499,101004
11101500,101004
11101501,101004
11101502,101004
11101503,101004
11101504,101004
11101505,101004
11101506,101004
11101507,101004
11101508,101004
11101509,101004
11101510,101004
11101511,101004
11101512,101004
11101513,101004
11101514,101004
11101515,101004
11101516,101004
11101517,101004
11101518,101004
11101519,101004
11101520,101004
11101521,101004
11101522,101004
11101523,101004
11101524,101004
11101525,101004
11101526,101004
11101527,101004
11101528,101004
11101529,101004
11101530,101004
11101531,101004
11101532,101004
11101533,101004
11101534,101004
11101535,101004
11101536,101004
11101537,101004
11101538,101004
11101539,101004
11101540,101004
11101541,101004
11101542,101004
11101543,101004
11101544,101004
11101545,101004
11101546,101004
11101547,101004
11101548,101004
11101549,101004
11101550,101004
11101551,101004
11101552,101004
11101553,101004
11101554,101004
11101555,101004
11101556,101004
11101557,101004
11101558,101004
11101559,101004
11101560,101004
11101561,101004
11101562,101004
11101563,101004
11101564,101004
11101565,101004
11101566,101004
11101567,101004
11101568,101004
11101569,101004
11101570,101004
11101571,101004
11101572,101004
11101573,101004
11101574,101004
11101575,101004
11101576,101004
11101577,101004
11101578,101004
11101579,101004
11101580,101004
11101581,101004
11101582,101004
11101583,101004
11101584,101004
11101585,101004
11101586,101004
11101587,101004
11101588,101004
11101589,101004
11101590,101004
11101591,101004
11101592,101004
11101593,101004
11101594,101004
11101595,101004
11101596,101004
11101597,101004
11101598,101004
11101599,101004
11101600,101004
11101601,101004
11101602,101004
11101603,101004
11101604,101004
11101605,101004
11101606,101004
11101607,101004
11101608,101004
11101609,101004
11101610,101004
11101611,101004
11101612,101004
11101613,101004
11101614,101004
11101615,101004
11101616,101004
11101617,101004
11101618,101004
11101619,101004
11101620,101004
11101621,101004
11101622,101004
11101623,101004
11101624,101004
11101625,101004
11101626,101004
11101627,101004
11101628,101004
11101629,101004
11101630,101004
11101631,101004
11101632,101004
11101633,101004
11101634,101004
11101635,101004
11101636,101004
11101637,101004
11101638,101004
11101639,101004
11101640,101004
11101641,101004
11101642,101004
11101643,101004
11101644,101004
11101645,101004
11101646,101004
11101647,101004
11101648,101004
11101649,101004
11101650,101004
11101651,101004
11101652,101004
11101653,101004
11101654,101004
11101655,101004
11101656,101004
11101657,101004
11101658,101004
11101659,101004
11101660,101004
11101661,101004
11101662,101004
11101663,101004
11101664,101004
11101665,101004
11101666,101004
11101667,101004
11101668,101004
11101669,101004
11101670,101004
11101671,101004
11101672,101004
11101673,101004
11101674,101004
11101675,101004
11101676,101004
11101677,101004
11101678,101004
11101679,101004
11101680,101004
11101681,101004
11101682,101004
11101683,101004
11101684,101004
11101685,101004
11101686,101004
11101687,101004
11101688,101004
11101689,101004
11101690,101004
11101691,101004
11101692,101004
11101693,101004
11101694,101004
11101695,101004
11101696,101004
11101697,101004
11101698,101004
11101699,101004
11101700,101004
11101701,101004
11101702,101004
11101703,101004
11101704,101004
11101705,101004
11101706,101004
11101707,101004
11101708,101004
11101709,101004
11101710,101004
11101711,101004
11101712,101004
11101713,101004
11101714,101004
11101715,101004
11101716,101004
11101717,101004
11101718,101004
11101719,101004
11101720,101004
11101721,101004
11101722,101004
11101723,101004
11101724,101004
11101725,101004
11101726,101004
11101727,101004
11101728,101004
11101729,101004
11101730,101004
11101731,101004
11101732,101004
11101733,101004
11101734,101004
11101735,101004
11101736,101004
11101737,101004
11101738,101004
11101739,101004
11101740,101004
11101741,101004
11101742,101004
11101743,101004
11101744,101004
11101745,101004
11101746,101004
11101747,101004
11101748,101004
11101749,101004
11101750,101004
11101751,101004
11101752,101004
11101753,101004
11101754,101004
11101755,101004
11101756,101004
11101757,101004
11101758,101004
11101759,101004
11101760,101004
11101761,101004
11101762,101004
11101763,101004
11101764,101004
11101765,101004
11101766,101004
11101767,101004
11101768,101004
11101769,101004
11101770,101004
11101771,101004
11101772,101004
11101773,101004
11101774,101004
11101775,101004
11101776,101004
11101777,101004
11101778,101004
11101779,101004
11101780,101004
11101781,101004
11101782,101004
11101783,101004
11101784,101004
11101785,101004
11101786,101004
11101787,101004
11101788,101004
11101789,101004
11101790,101004
11101791,101004
11101792,101004
11101793,101004
11101794,101004
11101795,101004
11101796,101004
11101797,101004
11101798,101004
11101799,101004
11101800,101004
11101801,101004
11101802,101004
11101803,101004
11101804,101004
11101805,101004
11101806,101004
11101807,101004
11101808,101004
11101809,101004
11101810,101004
11101811,101004
11101812,101004
11101813,101004
11101814,101004
11101815,101004
11101816,101004
11101817,101004
11101818,101004
11101819,101004
11101820,101004
11101821,101004
11101822,101004
11101823,101004
11101824,101004
11101825,101004
11101826,101004
11101827,101004
11101828,101004
11101829,101004
11101830,101004
11101831,101004
11101832,101004
11101833,101004
11101834,101004
11101835,101004
11101836,101004
11101837,101004
11101838,101004
11101839,101004
11101840,101004
11101841,101004
11101842,101004
11101843,101004
11101844,101004
11101845,101004
11101846,101004
11101847,101004
11101848,101004
11101849,101004
11101850,101004
11101851,101004
11101852,101004
11101853,101004
11101854,101004
11101855,101004
11101856,101004
11101857,101004
11101858,101004
11101859,101004
11101860,101004
11101861,101004
11101862,101004
11101863,101004
11101864,101004
11101865,101004
11101866,101004
11101867,101004
11101868,101004
11101869,101004
11101870,101004
11101871,101004
11101872,101004
11101873,101004
11101874,101004
11101875,101004
11101876,101004
11101877,101004
11101878,101004
11101879,101004
11101880,101004
11101881,101004
11101882,101004
11101883,101004
11101884,101004
11101885,101004
11101886,101004
11101887,101004
11101888,101004
11101889,101004
11101890,101004
11101891,101004
11101892,101004
11101893,101004
11101894,101004
11101895,101004
11101896,101004
11101897,101004
11101898,101004
11101899,101004
11101900,101004
11101901,101004
11101902,101004
11101903,101004
11101904,101004
11101905,101004
11101906,101004
11101907,101004
11101908,101004
11101909,101004
11101910,101004
11101911,101004
11101912,101004
11101913,101004
11101914,101004
11101915,101004
11101916,101004
11101917,101004
11101918,101004
11101919,101004
11101920,101004
11101921,101004
11101922,101004
11101923,101004
11101924,101004
11101925,101004
11101926,101004
11101927,101004
11101928,101004
11101929,101004
11101930,101004
11101931,101004
11101932,101004
11101933,101004
11101934,101004
11101935,101004
11101936,101004
11101937,101004
11101938,101004
11101939,101004
11101940,101004
11101941,101004
11101942,101004
11101943,101004
11101944,101004
11101945,101004
11101946,101004
11101947,101004
11101948,101004
11101949,101004
11101950,101004
11101951,101004
11101952,101004
11101953,101004
11101954,101004
11101955,101004
11101956,101004
11101957,101004
11101958,101004
11101959,101004
11101960,101004
11101961,101004
11101962,101004
11101963,101004
11101964,101004
11101965,101004
11101966,101004
11101967,101004
11101968,101004
11101969,101004
11101970,101004
11101971,101004
11101972,101004
11101973,101004
11101974,101004
11101975,101004
11101976,101004
11101977,101004
11101978,101004
11101979,101004
11101980,101004
11101981,101004
11101982,101004
11101983,101004
11101984,101004
11101985,101004
11101986,101004
11101987,101004
11101988,101004
11101989,101004
11101990,101004
11101991,101004
11101992,101004
11101993,101004
11101994,101004
11101995,101004
11101996,101004
11101997,101004
11101998,101004
11101999,101004
11102000,101004
11101836,101007
11100371,101011
11101630,101004
11101018,101022
11101062,101005
11100390,101023
11100679,101022
11101619,101015
11100938,101014
11100538,101023
11100244,101006
11100236,101011
11101919,101017
11101169,101019
11101578,101016
11100838,101007
11100860,101002
11100776,101013
11100091,101003
11101268,101011
11101632,101011
11100612,101007
11100896,101008
11100858,101020
11101961,101023
11100349,101014
11100513,101005
11100692,101009
11101102,101004
11100216,101007
11100514,101018
11101998,101020
11100802,101016
11101367,101016
11100418,101018
11101935,101001
11100451,101004
11101366,101002
11100477,101003
11100882,101018
11100214,101022
11101666,101021
11101319,101012
11100321,101020
11100213,101018
11101203,101021
11100694,101018
11101941,101019
11101966,101006
11101752,101017
11100441,101017
11101752,101018
11101172,101022
11100981,101016
11100697,101010
11101805,101006
11100572,101016
11100664,101021
11100088,101005
11100966,101006
11101799,101009
11101908,101013
11101064,101004
11101205,101002
11101944,101019
11100697,101012
11101819,101013
11100036,101013
11101071,101009
11100947,101012
11101002,101006
11101163,101006
11101535,101003
11100551,101005
11100010,101012
11101673,101004
11101753,101010
11100096,101021
11100333,101002
11101714,101016
11100114,101021
11101039,101015
11100107,101017
11100670,101002
11101687,101011
11101801,101007
11100142,101005
11100485,101003
11100730,101001
11101465,101015
11101160,101009
11100886,101015
11100054,101021
11101813,101003
11101512,101006
11100048,101018
11100767,101014
11100503,101006
11100956,101013
11100081,101007
11100246,101011
11100438,101007
11100787,101002
11101552,101017
11101375,101001
11100755,101018
11101804,101022
11100533,101009
11100778,101015
11100248,101018
11101478,101001
11101927,101019
11100325,101007
11101732,101002
11100556,101013
11100064,101003
11101503,101019
11101188,101003
11100344,101002
11100631,101004
11100431,101020
11101466,101005
11101193,101009
11100364,101019
11100775,101017
11100163,101011
11100172,101018
11101368,101003
11101327,101023
11101525,101004
11101491,101015
11101286,101002
11100767,101012
11101219,101005
11101812,101015
11100771,101009
11100007,101023
11101367,101016
11101192,101011
11101094,101007
11101911,101008
11100595,101006
11100839,101015
11100198,101012
11100180,101005
11100144,101006
11101158,101015
11100017,101019
11101293,101007
11100277,101023
11100158,101014
11100674,101003
11101666,101012
11101112,101006
11100453,101023
11101904,101021
11100098,101013
11101968,101001
11101468,101001
11100254,101009
11100957,101003
11101142,101018
11100981,101002
11101452,101002
11100186,101013
11101200,101017
11100953,101009
11101817,101005
11101960,101012
11101039,101010
11100309,101012
11100934,101020
11101307,101003
11100226,101017
11100800,101010
11100321,101011
11101330,101016
11101513,101016
11101389,101008
11101941,101011
11101830,101005
11101370,101012
11101844,101006
11101737,101008
11101817,101007
11100934,101017
11100950,101013
11101926,101012
11101831,101009
11100488,101004
11101448,101022
11100037,101008
11101840,101018
11100056,101005
11100232,101010
11101412,101001
11100239,101009
11101958,101014
11101505,101016
11100288,101007
11101093,101011
11100674,101007
11100352,101020
11100619,101008
11100440,101006
11100899,101012
11101233,101006
11100167,101021
11101221,101010
11100099,101017
11100998,101007
11101028,101021
11101114,101023
11100148,101011
11100700,101018
11101740,101021
11101590,101012
11101953,101022
11101709,101005
11101538,101015
11101286,101003
11100638,101011
11101077,101021
11101598,101005
11100797,101006
11100102,101019
11101546,101019
11100560,101010
11101406,101006
11100278,101022
11101903,101002
11101004,101008
11100701,101011
11100339,101008
11100362,101018
11100549,101019
11101406,101011
11100263,101021
11101198,101013
11101012,101016
11100135,101017
11101252,101019
11100618,101020
11100447,101022
11100848,101007
11101972,101006
11100297,101019
11101999,101012
11101946,101015
11100694,101004
11100903,101013
11100488,101006
11101502,101013
11101680,101010
11101623,101002
11101953,101001
11101599,101012
11101032,101003
11101250,101011
11101694,101003
11100937,101007
11100222,101017
11100287,101023
11100767,101004
11101168,101018
11100542,101005
11100019,101020
11100692,101016
11101238,101019
11101712,101011
11100840,101018
11101083,101019
11101859,101009
11100494,101009
11100818,101014
11101990,101002
11100046,101016
11100627,101007
11101783,101012
11100544,101013
11100075,101007
11101897,101005
11100019,101012
11101341,101016
11100764,101023
11101806,101021
11101089,101015
11100563,101018
11101938,101023
11101025,101011
11101526,101007
11101168,101010
11100517,101008
11100245,101015
11100978,101010
11100598,101016
11101160,101005
11101885,101007
11100334,101018
11100363,101018
11101975,101003
11101830,101022
11100531,101020
11101233,101020
11100154,101011
11101425,101014
11100501,101018
11100439,101009
11101202,101016
11101906,101005
11100091,101008
11100005,101005
11100189,101017
11101070,101022
11101872,101003
11100242,101014
11100557,101019
11100725,101020
11100581,101007
11101299,101004
11101785,101023
11101256,101014
11101705,101017
11100254,101020
11101791,101005
11101099,101008
11100743,101022
11100649,101023
11100834,101018
11101961,101016
11101624,101017
11101037,101019
11101579,101008
11101208,101013
11101345,101019
11100028,101009
11101718,101009
11101184,101012
11100215,101022
11100631,101019
11101522,101007
11100686,101020
11101615,101022
11101235,101016
11100745,101015
11100997,101004
11100001,101021
11100586,101008
11100137,101007
11100549,101003
11101999,101003
11101973,101002
11101964,101016
11101767,101017
11100910,101022
11100124,101005
11101295,101005
11101622,101014
11100098,101014
11100531,101007
11100716,101005
11101940,101016
11101335,101002
11101989,101004
11101013,101017
11100793,101002
11101252,101002
11101183,101011
11100817,101005
11101108,101022
11101253,101008
11101452,101011
11101235,101017
11101399,101020
11100375,101017
11101187,101020
11100541,101018
11100450,101004
11101838,101016
11101878,101004
11101512,101002
11100714,101009
11101886,101004
11101236,101017
11100114,101016
11100414,101004
11100752,101010
11100455,101012
11101390,101011
11100654,101022
11100810,101011
11100951,101005
11101548,101010
11101939,101021
11100065,101013
11100713,101009
11100245,101013
11100511,101023
11100448,101020
11100555,101005
11101565,101013
11100950,101008
11100346,101020
11100502,101006
11101983,101021
11101850,101021
11100374,101020
11101118,101019
11101709,101001
11100913,101018
11100540,101009
11100471,101014
11101438,101013
11100319,101006
11100908,101021
11100670,101007
11100510,101001
11101682,101003
11101307,101023
11101939,101014
11100757,101023
11100934,101005
11100081,101012
11101498,101020
11101991,101015
11101070,101002
11101517,101005
11100905,101023
11100117,101013
11100364,101001
11101773,101023
11101347,101004
11101844,101014
11100097,101018
11100714,101020
11100114,101016
11101290,101012
11100236,101008
11100402,101014
11100117,101015
11101708,101021
11100429,101005
11100522,101001
11101858,101022
11100907,101018
11100086,101019
11100846,101007
11101492,101008
11100680,101015
11100451,101018
11101396,101023
11100389,101001
11101825,101016
11101024,101015
11100316,101013
11101870,101019
11100096,101008
11101642,101005
11101047,101004
11100981,101017
11100114,101020
11100710,101012
11101560,101009
11100975,101014
11101027,101023
11101274,101012
11100506,101020
11100839,101008
11100469,101017
11100733,101011
11100883,101004
11100095,101019
11100314,101019
11100097,101016
11100148,101004
11100144,101010
11101648,101019
11101866,101019
11101344,101013
11100859,101006
11101311,101018
11100192,101012
11101803,101018
11100024,101004
11101391,101019
11100729,101017
11101572,101011
11100055,101006
11100220,101022
11101335,101013
11100695,101022
11101381,101012
11100353,101020
11101146,101016
11101361,101016
11101117,101014
11101533,101021
11100793,101003
11101664,101019
11101871,101017
11101739,101007
11100194,101011
11101696,101011
11100234,101004
11100385,101013
11101474,101019
11101938,101009
11100196,101022
11100833,101008
11101048,101001
11100390,101002
11101436,101017
11101341,101003
11101143,101018
11101278,101017
11101768,101016
11100611,101016
11100798,101020
11101158,101004
11101734,101022
11100253,101020
11100390,101019
11101599,101013
11101221,101021
11101232,101006
11101460,101020
11101328,101003
11100703,101022
11100590,101004
11100037,101011
11100913,101007
11101935,101004
11101132,101001
11100582,101018
11100630,101015
11101315,101013
11100738,101018
11101564,101022
11100948,101011
11101275,101018
11100820,101001
11100859,101021
11101069,101008
11101050,101007
11101716,101018
11100279,101020
11101619,101022
11101551,101007
11100975,101020
11100245,101003
11101592,101015
11101269,101009
11100982,101020
11101307,101018
11100330,101013
11100472,101008
11100158,101002
11100925,101003
11100165,101015
11100175,101016
11100786,101016
11100005,101020
11100145,101021
11100949,101012
11100339,101016
11101985,101001
11100849,101008
11101302,101017
11100408,101013
11101532,101018
11101222,101011
11101480,101001
11101295,101007
11100222,101022
11100739,101013
11101124,101016
11101417,101015
11100571,101004
11101049,101014
11101922,101003
11101663,101009
11100777,101008
11100605,101002
11101313,101014
11101488,101018
11100602,101002
11100570,101008
11101909,101011
11100114,101016
11100954,101022
11100226,101003
11100155,101004
11100541,101014
11101068,101022
11100112,101016
11101253,101014
11101517,101003
11101518,101012
11100769,101013
11100343,101010
11101826,101022
11101407,101009
11101374,101004
11100964,101012
11100369,101023
11101675,101013
11100980,101016
11100803,101010
11100772,101023
11101971,101012
11100006,101019
11100271,101020
11100321,101007
11101368,101013
11101411,101003
11100800,101020
11100788,101011
11100139,101018
11100314,101012
11101586,101009
11100798,101022
11101729,101004
11101374,101019
11101149,101006
11101763,101012
11100917,101020
11101580,101002
11100647,101004
11100484,101018
11101407,101010
11101657,101017
11101412,101008
11101491,101016
11100474,101014
11101869,101011
11101292,101010
11100779,101018
11100011,101001
11100783,101013
11100341,101007
11101038,101009
11101730,101019
11101556,101021
11101671,101013
11100492,101005
11100050,101007
11100081,101013
11101197,101013
11101423,101011
11100087,101013
11101526,101002
11101425,101018
11101493,101020
11100992,101008
11101677,101015
11101506,101005
11101039,101015
11100412,101021
11101979,101002
11101963,101015
11100827,101014
11100707,101015
11100147,101022
11100295,101022
11100005,101003
11100349,101017
11100608,101016
11101294,101022
11101231,101002
11100456,101003
11100102,101015
11100384,101016
11100056,101011
11100208,101014
11101983,101002
11100036,101002
11100873,101013
11100568,101013
11101628,101014
11101100,101021
11100009,101023
11101531,101019
11100109,101007
11100179,101022
11101374,101016
11100799,101008
11100500,101020
11101137,101004
11101445,101005
11100832,101007
11100742,101002
11101289,101012
11101518,101023
11100120,101002
11101806,101010
11100701,101016
11100829,101019
11100011,101006
11101878,101022
11100520,101001
11101974,101009
11101892,101003
11100870,101012
11101618,101005
11100825,101001
11100396,101001
11101083,101014
11100787,101020
11100842,101008
11100393,101022
11100214,101022
11100317,101005
11100460,101002
11100990,101015
11100898,101003
11100685,101019
11101520,101021
11100450,101020
11101644,101015
11101831,101013
11101090,101013
11101865,101022
11100631,101004
11101470,101013
11101299,101003
11101332,101009
11101315,101020
11101754,101020
11100195,101003
11101953,101015
11100677,101019
11100157,101020
11101728,101022
11101581,101011
11100865,101018
11101364,101022
11100787,101011
11100929,101002
11100934,101016
11101703,101011
11100838,101020
11101237,101020
11100084,101023
11100292,101012
11101013,101017
11100919,101021
11101315,101022
11101524,101010
11100751,101012
11100628,101018
11100834,101005
11101700,101006
11100988,101007
11101307,101011
11100500,101008
11100365,101019
11101160,101015
11101848,101010
11101724,101005
11101275,101006
11100970,101016
11100684,101009
11101550,101011
11101055,101005
11101363,101023
11101103,101009
11101418,101014
11100617,101013
11100503,101019
11100966,101012
11100640,101001
11101732,101002
11100965,101011
11101198,101012
11100461,101016
11101188,101022
11101592,101008
11100016,101016
11101059,101017
11101453,101018
11101471,101023
11100419,101009
11100607,101015
11100807,101010
11101867,101021
11101885,101007
11100418,101009
11101896,101014
11100559,101020
11101387,101023
11100788,101015
11100716,101018
11100426,101020
11101584,101023
11101431,101012
11100397,101017
11100775,101017
11101574,101015
11101097,101021
11100881,101006
11101476,101004
11101427,101012
11101376,101010
11100639,101019
11100167,101011
11101644,101013
11100463,101023
11101919,101003
11101354,101011
11100859,101016
11100507,101011
11101342,101012
11101220,101010
11101634,101014
11100503,101002
11101092,101018
11100318,101007
11101715,101015
11101073,101001
11101632,101006
11101371,101019
11101789,101006
11100475,101018
11101638,101019
11100292,101007
11100393,101007
11100463,101005
11101830,101006
11101634,101021
11100249,101015
11101166,101023
11100143,101004
11101388,101011
11100234,101014
11101292,101011
11100262,101007
11100387,101002
11100707,101022
11100439,101008
11100465,101001
11101771,101004
11100428,101002
11100211,101004
11101384,101001
11100524,101017
11101583,101014
11100903,101014
11100308,101019
11101072,101012
11101122,101020
11100106,101001
11100514,101008
11100792,101010
11101121,101004
11101348,101011
11100669,101001
11101626,101018
11100964,101022
11101362,101012
11101161,101018
11100359,101018
11101432,101006
11100657,101020
11101276,101019
11100775,101004
11100034,101013
11101712,101005
11100735,101016
11101016,101022
11100071,101021
11100004,101004
11101413,101002
11101246,101015
11100244,101021
11100054,101007
11100381,101004
11101925,101018
11101658,101010
11101910,101010
11100229,101015
11100348,101009
11101131,101018
11101747,101017
11101074,101020
11100314,101018
11100486,101016
11100026,101023
11101470,101010
11101634,101003
11101421,101017
11101045,101010
11100656,101016
11101728,101006
11101866,101002
11100619,101021
11101767,101021
11101834,101002
11101051,101008
11100767,101017
11101555,101006
11101278,101013
11100159,101003
11100573,101022
11100738,101013
11100779,101007
11101202,101004
11101853,101019
11101800,101011
11101649,101017
11101617,101011
11100127,101002
11100162,101013
11101971,101011
11100527,101008
11101487,101016
11100654,101007
11100436,101013
11100740,101006
11101707,101007
11101636,101020
11100149,101017
11100269,101022
11101997,101015
11100623,101006
11100385,101019
11101904,101015
11101123,101015
11100514,101018
11101468,101007
11100769,101008
11100223,101012
11100178,101002
11100449,101006
11101865,101009
11100099,101013
11101169,101003
11101047,101007
11101431,101008
11101168,101018
11101904,101006
11101830,101010
11100142,101021
11101594,101020
11101674,101023
11101433,101012
11100595,101017
11100641,101014
11101149,101007
11101567,101004
11100960,101003
11100888,101023
11100389,101012
11101930,101003
11100493,101023
11101458,101007
11101027,101006
11101350,101006
11101309,101009
11100401,101018
11101391,101004
11100828,101014
11101570,101001
11101184,101022
11101924,101018
11101515,101020
11100483,101006
11101057,101007
11100492,101004
11100695,101006
11101135,101018
11101437,101001
11100861,101019
11101385,101007
11100571,101001
11101552,101014
11100320,101003
11101675,101007
11100096,101007
11101843,101004
11100345,101008
11101946,101011
11101270,101017
11100331,101021
11101314,101022
11100256,101012
11100939,101016
11101066,101003
11101866,101007
11101256,101022
11101096,101001
11101070,101010
11100528,101008
11100703,101006
11100094,101006
11101081,101020
11100675,101023
11101405,101008
11100224,101009
11100786,101009
11101080,101021
